EAR,MAR,Circularity,MOE,Y,respondent
0.3574283373677397,0.3367674836173013,0.5201246228863649,0.9421958149636542,0.0,40
0.3129221585256635,0.3402522922560972,0.4766957995264396,1.0873384418003502,0.0,40
0.3573516759711764,0.34745088519242395,0.5217535403830122,0.9722939853245544,0.0,40
0.3571287259592664,0.35104624372665744,0.5508426073679114,0.9829683758530736,0.0,40
0.34814511175832524,0.3263228557035613,0.4671091725951994,0.9373185050780996,0.0,40
0.3367226198474758,0.35098439459450154,0.4996734814100345,1.0423546679266331,0.0,40
0.3631798167949404,0.3403485038492136,0.5317465318763955,0.9371349621044116,0.0,40
0.3582747132432401,0.3297126131039257,0.4911263630245016,0.9202787718933348,0.0,40
0.354087978593629,0.3405146490892042,0.5422841198165066,0.9616667881289404,0.0,40
0.33466519131810873,0.340572443434746,0.4930900210981393,1.0176512295568327,0.0,40
0.2562041399743041,0.3404062699955122,0.3814388676294125,1.3286524957389565,0.0,40
0.34814511175832524,0.3262977125388187,0.5240557431943699,0.9372462847197106,0.0,40
0.35630007021422555,0.3403485038492136,0.5110825965618611,0.9552299656987968,0.0,40
0.3625242570243761,0.3367674836173013,0.5293209649285889,0.9289515862511156,0.0,40
0.3689167725412341,0.3230671066979481,0.5135344669312836,0.8757181314163172,0.0,40
0.3693000627979047,0.33342370430783724,0.5159204541261252,0.9028530939901288,0.0,40
0.3486785962537379,0.3473491778639037,0.494189833239098,0.9961872670014232,0.0,40
0.3693000627979047,0.3332610189093708,0.5159204541261252,0.9024125703757164,0.0,40
0.34778377786568115,0.3473491778639037,0.4958923025590497,0.9987503729919652,0.0,40
0.3459681259429493,0.3404062699955122,0.4861877522735952,0.9839237908628774,0.0,40
0.34778377786568115,0.3473491778639037,0.5235274833490623,0.9987503729919652,0.0,40
0.3511207820652133,0.33342370430783724,0.5020713202517412,0.949598318694536,0.0,40
0.15953836117931888,0.3298793776908725,0.32181598323677113,2.067711961263616,0.0,40
0.34778377786568115,0.3367674836173013,0.5235274833490623,0.9683243010470874,0.0,40
0.3689167725412341,0.3511455074763373,0.5135344669312836,0.9518285250559853,0.0,40
0.36073652413612495,0.347291467480342,0.5253778596479133,0.9627288734125812,0.0,40
0.3689167725412341,0.35098439459450154,0.5135344669312836,0.9513918062786686,0.0,40
0.3511691684090336,0.3369318807389394,0.5019082683772184,0.9594574667969971,0.0,40
0.3582747132432401,0.3436754257502885,0.5185199309241427,0.9592511361999476,0.0,40
0.36073652413612495,0.3405146490892042,0.5253778596479133,0.9439428122911944,0.0,40
0.3693000627979047,0.3334779621863621,0.5159204541261252,0.9030000148384868,0.0,40
0.3680712751048656,0.34423409161004026,0.5422531836476335,0.9352375881871414,0.0,40
0.3680712751048656,0.3404062699955122,0.5422531836476335,0.9248379132507109,0.0,40
0.3689167725412341,0.33700653881225523,0.5135344669312836,0.9135028925110412,0.0,40
0.3615651728979027,0.347291467480342,0.4978488671482159,0.9605224549058232,0.0,40
0.3694718904046064,0.3368234452013613,0.5146681418952311,0.91163483325486,0.0,40
0.3895730377825856,0.3512051061598266,0.5356907663893018,0.9015128669038656,0.0,40
0.3689167725412341,0.3437313518864972,0.5135344669312836,0.9317314296087692,0.0,40
0.3680712751048656,0.3580495021409463,0.5158426971431849,0.9727721948389916,0.0,40
0.3508190844137159,0.3333333333333333,0.501231092297286,0.9501573550093358,0.0,40
0.3486785962537379,0.33700653881225523,0.494189833239098,0.9665248811745564,0.0,40
0.3486785962537379,0.3512051061598266,0.494189833239098,1.0072459564000602,0.0,40
0.3680712751048656,0.3473684210526316,0.5422531836476335,0.943753138447613,0.0,40
0.3544713152638551,0.3473491778639037,0.5443134059897142,0.97990771864107,0.0,40
0.34778377786568115,0.3368234452013613,0.4962132246856508,0.9684852101740269,0.0,40
0.34778377786568115,0.3368234452013613,0.4958923025590497,0.9684852101740269,0.0,40
0.1805134583470592,0.340572443434746,0.3270764562922826,1.8866872672726367,0.0,40
0.2184755569808889,0.3404062699955122,0.36298424613811614,1.558097732760508,0.0,40
0.34085330658430835,0.3264674382785348,0.5066887417887675,0.9577945467217718,0.0,40
0.34868674666201377,0.3404062699955122,0.4920100220523062,0.9762523905890578,0.0,40
0.3486785962537379,0.340572443434746,0.494189833239098,0.9767517911736318,0.0,40
0.3615651728979027,0.3262977125388187,0.4992877450479891,0.9024589119676006,0.0,40
0.3526079220270206,0.3262977125388187,0.5003508008036314,0.9253839524167422,0.0,40
0.3486785962537379,0.3368234452013613,0.494189833239098,0.9659997740619859,0.0,40
0.3610618503489734,0.3368421052631579,0.5224724342867396,0.9329207861134964,0.0,40
0.35302043767338315,0.33349605403296084,0.5016087387124396,0.9446933334253969,0.0,40
0.3589125666956309,0.3440860215053764,0.5184816688213864,0.9586903703964542,0.0,40
0.3492650219702005,0.3512051061598266,0.4946612232849744,1.00555476233687,0.0,40
0.34817331699567383,0.3512051061598266,0.5185658178789475,1.0087077010677141,0.0,40
0.36838216561347936,0.3368234452013613,0.5126180681480839,0.9143315736809291,0.0,40
0.3675378934095225,0.34750862206686783,0.5726742066297182,0.9455042005142654,0.0,40
0.3582777413045766,0.3368234452013613,0.5179778855784141,0.940118255671996,0.0,40
0.3624326439517365,0.34752787408882485,0.5258038850622935,0.9588757521938434,0.0,40
0.3579028660094292,0.3473491778639037,0.5481121464172035,0.970512423487418,0.0,40
0.36838216561347936,0.33331525031417913,0.5126180681480839,0.9048083252322972,0.0,40
0.358797684397486,0.3263157894736842,0.5190862333365596,0.9094701656774978,0.0,40
0.3689167725412341,0.33700653881225523,0.5135344669312836,0.9135028925110412,0.0,40
0.3511582163562477,0.3512051061598266,0.5004004330187377,1.0001335289946096,0.0,40
0.3714893544021748,0.34375,0.5494702050123569,0.9253293423527174,0.0,40
0.3487588929073187,0.34059171475706634,0.5240998405104303,0.9765821651681216,0.0,40
0.3697807512450184,0.340572443434746,0.5421317946399395,0.9210118219730729,0.0,40
0.3689167725412341,0.3439077920670662,0.5135344669312836,0.9322096951518446,0.0,40
0.3680712751048656,0.3368421052631579,0.5422531836476335,0.9151545584946548,0.0,40
0.36073652413612495,0.34034426529037737,0.5249847432882477,0.9434704902848912,0.0,40
0.33997631971553205,0.34375,0.5060839980979464,1.0110998327401903,0.0,40
0.3287979746107145,0.3437313518864972,0.4758472184152673,1.045418093871969,0.0,40
0.3709722167385575,0.33700653881225523,0.5223151583754042,0.9084414508856884,0.0,40
0.35765147442247824,0.3402522922560972,0.5220306932976447,0.9513515715418854,0.0,40
0.14294264413509314,0.347291467480342,0.3205552974679108,2.429586143321385,0.0,40
0.37525265896316506,0.3262977125388187,0.5610554831292429,0.8695413736451318,0.0,40
0.3468889594776243,0.3473491778639037,0.5251683457340781,1.0013267023169965,0.0,40
0.34694975228010216,0.36168166187023176,0.5564361233543039,1.0424612195089165,0.0,40
0.3666403430467388,0.3512051061598266,0.5048632413749455,0.957900877032115,0.0,40
0.3129221585256635,0.35498107089483183,0.4757871634758632,1.1344069482561712,0.0,40
0.3582747132432401,0.34423409161004026,0.4887322542319817,0.9608104588065992,0.0,40
0.37525265896316506,0.340572443434746,0.5636534809889167,0.907581692760708,0.0,40
0.3625242570243761,0.34423409161004026,0.5263133376581156,0.9495477473301712,0.0,40
0.3550013672316317,0.3297685740581525,0.5125294045391379,0.9289219831172779,0.0,40
0.3440827581141997,0.33700653881225523,0.5184470767188103,0.9794345426061832,0.0,40
0.3553774098733287,0.3442539912598305,0.5075805562688473,0.9686997026134466,0.0,40
0.36722577766849696,0.3512249791323229,0.5439354644366333,0.9564278993763388,0.0,40
0.35591475586963445,0.3548387096774194,0.5077586347770099,0.9969766744017516,0.0,40
0.3550013672316317,0.3516880838432009,0.5125294045391379,0.9906668433018484,0.0,40
0.34814511175832524,0.35500159181116503,0.4966743559595073,1.0196943165974979,0.0,40
0.3757098928040923,0.3618585393977649,0.5592277696674122,0.9631328488506156,0.0,40
0.3610618503489734,0.3618380647583507,0.5273951060334056,1.0021498100910606,0.0,40
0.3662438463988521,0.3655913978494624,0.5361949799615625,0.9982185405821694,0.0,40
0.3490408598280749,0.3548387096774194,0.4946887700924689,1.0166108055435124,0.0,40
0.34814511175832524,0.3548387096774194,0.4966743559595073,1.0192264595797071,0.0,40
0.3553856927390404,0.3586744645633819,0.5130563784306265,1.0092540917981088,0.0,40
0.3757098928040923,0.3478260869565217,0.5323932940855086,0.9257836794249382,0.0,40
0.33856765851826565,0.35475668500926905,0.4684254833773674,1.0478162224999703,0.0,40
0.3653304577608493,0.3297126131039257,0.504820282906133,0.9025051322705766,0.0,40
0.3550013672316317,0.3473491778639037,0.5125294045391379,0.9784446200097728,0.0,40
0.3757098928040923,0.340572443434746,0.5323932940855086,0.9064771781570624,0.0,40
0.358797684397486,0.344066131565101,0.5190862333365596,0.9589418954664574,0.0,40
0.3765729369280698,0.3479958824691766,0.5296191800116861,0.9241128300615192,0.0,40
0.3486785962537379,0.34042553191489355,0.494189833239098,0.9763304532382641,0.0,40
0.364467413636872,0.34042553191489355,0.5673752880899892,0.9340355795266466,0.0,40
0.3239284841843602,0.33693661822620724,0.4965207908131814,1.0401574257188313,0.0,40
0.3579028660094292,0.35869565217391297,0.5175901610422172,1.0022150874993632,0.0,40
0.3765729369280698,0.3548387096774194,0.5296191800116861,0.9422841497109442,0.0,40
0.36838216561347936,0.3512249791323229,0.5104040086896283,0.9534255778843582,0.0,40
0.3653304577608493,0.3697250293846728,0.5660901622559223,1.0120290316081453,0.0,40
0.2725442957939749,0.34423409161004026,0.4169876172812621,1.263039061621961,0.0,40
0.3774319259511237,0.3541666666666667,0.501321899096204,0.9383590584558292,0.0,40
0.3765729369280698,0.3548387096774194,0.5301061772735487,0.9422841497109442,0.0,40
0.3680712751048656,0.344066131565101,0.5158426971431849,0.9347812634036021,0.0,40
0.3662438463988521,0.344066131565101,0.5370680887700241,0.9394454949842383,0.0,40
0.3689167725412341,0.33349605403296084,0.5135344669312836,0.9039872373807176,0.0,40
0.3582777413045766,0.3548387096774194,0.5179778855784141,0.9904012132748324,0.0,40
0.3192077659391892,0.3548387096774194,0.49121545607174893,1.1116230478710158,0.0,40
0.3653304577608493,0.3512249791323229,0.5382397235773057,0.9613898093386998,0.0,40
0.3656909059509261,0.32994010518759753,0.5347668883819474,0.9022376543098226,0.0,40
0.3751426608943688,0.3440860215053764,0.5314259780374465,0.9172137892423352,0.0,40
0.3760044020285236,0.3548387096774194,0.5263407328450292,0.9437089240527066,0.0,40
0.36760731104690403,0.3474830828589069,0.5135942393372166,0.9452561807579792,0.0,40
0.35162899240846424,0.34426022512844506,0.5065127171594177,0.9790439143554482,0.0,40
0.3650993472082977,0.33354462598524026,0.5387281791815133,0.9135722332446274,0.0,40
0.3686837069345638,0.3478110131740578,0.51780018593357,0.9433859067598814,0.0,40
0.3684536869224044,0.340572443434746,0.5176838003184536,0.9243290419467834,0.0,40
0.3657763645886953,0.3264131972948672,0.5066457085942588,0.8923846068127149,0.0,40
0.37525265896316506,0.3617766616867048,0.5610554831292429,0.9640882030957626,0.0,40
0.3544713152638551,0.3297126131039257,0.5125804122495288,0.9301531574099304,0.0,40
0.3490408598280749,0.3404062699955122,0.4946887700924689,0.9752619511743816,0.0,40
0.36538080227487457,0.3262977125388187,0.5064048496092417,0.8930346381289792,0.0,40
0.3553856927390404,0.3297685740581525,0.5121796555307798,0.9279174170365422,0.0,40
0.3757098928040923,0.3368234452013613,0.5592277696674122,0.8964987391934134,0.0,40
0.3593034813091701,0.3369878696413236,0.5190335102018108,0.9378920249073665,0.0,40
0.3553856927390404,0.34042553191489355,0.5130563784306265,0.9579044369826896,0.0,40
0.3550013672316317,0.34059171475706634,0.5125294045391379,0.9594095859772752,0.0,40
0.3629378773957923,0.34042553191489355,0.4963342688275333,0.9379719040557776,0.0,40
0.3486785962537379,0.3437313518864972,0.494189833239098,0.9858114480774136,0.0,40
0.3689167725412341,0.3368234452013613,0.5135344669312836,0.9130065919236952,0.0,40
0.34778377786568115,0.34059171475706634,0.4958923025590497,0.9793203031126068,0.0,40
0.3680712751048656,0.3404062699955122,0.5422531836476335,0.9248379132507109,0.0,40
0.3582777413045766,0.3655913978494624,0.4858633725590919,1.0204133712528578,0.0,40
0.3765729369280698,0.3588603047656343,0.5301061772735487,0.9529636083067252,0.0,40
0.3675378934095225,0.3580296672517452,0.5149643718150344,0.9741299432568088,0.0,40
0.3553856927390404,0.3297685740581525,0.5130563784306265,0.9279174170365422,0.0,40
0.3689167725412341,0.3578947368421053,0.5135344669312836,0.970123245893091,0.0,40
0.24130755271454624,0.34750862206686783,0.3699032683402608,1.4401066943725205,0.0,40
0.36838216561347936,0.35106382978723405,0.5104040086896283,0.9529881263458979,0.0,40
0.36838216561347936,0.3297685740581525,0.5440035015454951,0.8951806163280936,0.0,40
0.35630007021422555,0.3512051061598266,0.5106507909326372,0.9857003562998584,0.0,40
0.364467413636872,0.3297685740581525,0.5673752880899892,0.9047957697164916,0.0,40
0.34468059625687725,0.3369526938665577,0.4871317373868205,0.9775795258733964,0.0,40
0.3693000627979047,0.3332562798571921,0.5159204541261252,0.9023997378510138,0.0,40
0.358797684397486,0.344066131565101,0.4885702375804901,0.9589418954664574,0.0,40
0.34778377786568115,0.351043965932872,0.4962132246856508,1.0093741809557604,0.0,40
0.35591475586963445,0.344066131565101,0.5105586599525046,0.9667093760257768,0.0,40
0.3486785962537379,0.344066131565101,0.494189833239098,0.986771586388743,0.0,40
0.3507707463067174,0.35475668500926905,0.5307250108774634,1.011363372643015,0.0,40
0.3486785962537379,0.3548387096774194,0.494189833239098,1.0176670248471422,0.0,40
0.3689167725412341,0.3440860215053764,0.5135344669312836,0.9326928107258056,0.0,40
0.35591475586963445,0.3478260869565217,0.4838198044051872,0.9772735780697009,0.0,40
0.3486785962537379,0.35106382978723405,0.494189833239098,1.00684077990196,0.0,40
0.3689167725412341,0.3586744645633819,0.5135344669312836,0.9722368058592198,0.0,40
0.35591475586963445,0.3478260869565217,0.5105586599525046,0.9772735780697009,0.0,40
0.3757098928040923,0.3548387096774194,0.5323932940855086,0.9444486729617314,0.0,40
0.34778377786568115,0.35498107089483183,0.5235274833490623,1.0206947347381177,0.0,40
0.3689167725412341,0.3440860215053764,0.5135344669312836,0.9326928107258056,0.0,40
0.3662438463988521,0.3368234452013613,0.5361949799615625,0.9196699098516701,0.0,40
0.30074879084951184,0.3442539912598305,0.4522557525439053,1.1446562770458075,0.0,40
0.3550013672316317,0.34042553191489355,0.5125294045391379,0.958941467097991,0.0,40
0.3689167725412341,0.3548387096774194,0.5135344669312836,0.9618394610609872,0.0,40
0.3550013672316317,0.3478260869565217,0.5119055719616707,0.9797880207305559,0.0,40
0.35470191573187365,0.31605300625437965,0.5128545639608236,0.8910383401855954,0.0,40
0.3722987840961917,0.3516880838432009,0.5568159175744416,0.9446393565237496,0.0,40
0.3610548669563466,0.36168166187023176,0.5253524276899756,1.0017360101503934,0.0,40
0.3662438463988521,0.3548387096774194,0.5361949799615625,0.968859171741517,0.0,40
0.3582747132432401,0.3695433877319693,0.5185199309241427,1.0314526090516427,0.0,40
0.35591475586963445,0.344066131565101,0.5100812272500945,0.9667093760257768,0.0,40
0.3550013672316317,0.3695433877319693,0.5125294045391379,1.0409632802649154,0.0,40
0.3680712751048656,0.3297126131039257,0.541638115643652,0.8957846900983749,0.0,40
0.3550013672316317,0.3264674382785348,0.5125294045391379,0.919623044903714,0.0,40
0.3599078753743473,0.3230671066979481,0.5269821653616636,0.8976383369269696,0.0,40
0.35591475586963445,0.3473491778639037,0.5100812272500945,0.9759336249355506,0.0,40
0.3486785962537379,0.3333333333333333,0.494189833239098,0.9559902354624668,0.0,40
0.35302043767338315,0.344066131565101,0.5016087387124396,0.9746351622945791,0.0,40
0.358797684397486,0.3404062699955122,0.518497765988593,0.9487415465546892,0.0,40
0.31682494580838205,0.3369878696413236,0.4528917323051557,1.063640581651472,0.0,40
0.3599078753743473,0.34752787408882485,0.5269821653616636,0.9656023051103124,0.0,40
0.3689167725412341,0.32994010518759753,0.5135344669312836,0.8943483456033972,0.0,40
0.3582747132432401,0.33700653881225523,0.5185199309241427,0.9406372438667042,0.0,40
0.3550013672316317,0.3404062699955122,0.5103101856056689,0.9588872083791256,0.0,40
0.34778377786568115,0.35869565217391297,0.5235274833490623,1.0313754551037346,0.0,40
0.3486785962537379,0.35106382978723405,0.494189833239098,1.00684077990196,0.0,40
0.35591475586963445,0.3404062699955122,0.5080999141958765,0.9564264037431404,0.0,40
0.358797684397486,0.3404062699955122,0.5190862333365596,0.9487415465546892,0.0,40
0.3693000627979047,0.34042553191489355,0.5159204541261252,0.9218128189195236,0.0,40
0.34085330658430835,0.35106382978723405,0.4783716582316462,1.0299557698449382,0.0,40
0.3648291648167713,0.35106382978723405,0.5370842668735826,0.9622690937100636,0.0,40
0.17458975813367988,0.3263157894736842,0.3333004602861476,1.869043138394353,0.0,40
0.358797684397486,0.3404062699955122,0.5190862333365596,0.9487415465546892,0.0,40
0.36073652413612495,0.351043965932872,0.5253778596479133,0.9731311981051426,0.0,40
0.34778377786568115,0.3368234452013613,0.5213026825185543,0.9684852101740269,0.0,40
0.36073652413612495,0.344066131565101,0.52569936543285,0.9537878993236258,0.0,40
0.34778377786568115,0.33331406495369165,0.5213026825185543,0.9583945145435222,0.0,40
0.3689167725412341,0.3440860215053764,0.5135344669312836,0.9326928107258056,0.0,40
0.3579028660094292,0.35481819817651045,0.5481121464172035,0.991381270937245,0.0,40
0.3689167725412341,0.3512249791323229,0.5135344669312836,0.9520439439848624,0.0,40
0.3680712751048656,0.3368234452013613,0.5422531836476335,0.9151038616240794,0.0,40
0.358797684397486,0.340572443434746,0.5190862333365596,0.9492046862193524,0.0,40
0.1895806416477616,0.344066131565101,0.3269336109670291,1.814880087832868,0.0,40
0.3769806158792521,0.34423409161004026,0.5326794509739273,0.9131347265884338,0.0,40
0.3765729369280698,0.3548387096774194,0.5296191800116861,0.9422841497109442,0.0,40
0.3662438463988521,0.35106382978723405,0.5361949799615625,0.9585521592761822,0.0,40
0.2076168248167932,0.3442539912598305,0.3316376681315657,1.658121838457021,0.0,40
0.3765729369280698,0.3333333333333333,0.5296191800116861,0.8851760194254323,0.0,40
0.3622453856945779,0.3655913978494624,0.5629811033854609,1.0092368661880091,0.0,40
0.3443066003311621,0.35869565217391297,0.5191795685401152,1.0417913912452192,0.0,40
0.33563618167167314,0.3695652173913043,0.4643396783562075,1.1010887311095123,0.0,40
0.35591475586963445,0.3440860215053764,0.4838198044051872,0.9667652600259408,0.0,40
0.34814511175832524,0.35869565217391297,0.5240557431943699,1.0303050080533995,0.0,40
0.3403155836655485,0.3586744645633819,0.5086468599039197,1.0539466359432894,0.0,40
0.3689167725412341,0.35481819817651045,0.5136612868964996,0.9617838617973168,0.0,40
0.3501598403582572,0.3516483516483517,0.4650126817828434,1.0042509480486719,0.0,40
0.35591475586963445,0.35869565217391297,0.5105586599525046,1.0078133773843791,0.0,40
0.3519847769690773,0.35481819817651045,0.5018266021756355,1.0080498401999984,0.0,40
0.3449971355893849,0.3586744645633819,0.5184068123572502,1.0396447609648438,0.0,40
0.3689167725412341,0.35106382978723405,0.5135344669312836,0.9516071263688486,0.0,40
0.3486785962537379,0.35498107089483183,0.494189833239098,1.0180753126484068,0.0,40
0.3486785962537379,0.344066131565101,0.494189833239098,0.986771586388743,0.0,40
0.3689167725412341,0.351043965932872,0.5136612868964996,0.9515532826408308,0.0,40
0.34817331699567383,0.3657283492341358,0.49143619781068104,1.0504203837041313,0.0,40
0.34817331699567383,0.35481819817651045,0.49143619781068104,1.0190849811185247,0.0,40
0.3511582163562477,0.3405146490892042,0.5004004330187377,0.9696901089842491,0.0,40
0.358797684397486,0.3586744645633819,0.5194681887217816,0.9996565757264818,0.0,40
0.3486785962537379,0.3512249791323229,0.494189833239098,1.0073029515030285,0.0,40
0.29915508175939265,0.3262680656479052,0.4398488603311891,1.0906318680232856,10.0,40
0.2792815722053456,0.3227411497020215,0.3898174858187852,1.1556120482762169,10.0,40
0.29836124184810625,0.3262487934859433,0.4420183716405645,1.0934690828644371,10.0,40
0.2940540609274873,0.33695652173913043,0.3945272704876642,1.1458999092762836,10.0,40
0.3136176700924716,0.33331406495369165,0.47254683105958795,1.062803842830069,10.0,40
0.1989699583487388,0.3332562798571921,0.3073556739191062,1.6749075218334564,10.0,40
0.2929471917564237,0.3227598068774976,0.4233703532701398,1.1017678815841387,10.0,40
0.26748269140068304,0.3334874402917896,0.4243570693071879,1.2467626916174284,10.0,40
0.2586069252716632,0.3225060772811537,0.3727174940075072,1.2470898717904215,10.0,40
0.3136176700924716,0.340638773789961,0.4419197550558592,1.0861593789964774,10.0,40
0.2940540609274873,0.3227411497020215,0.4220553126326871,1.097557193000672,10.0,40
0.3032459541608544,0.3296504262483494,0.4190542768616981,1.087072792646358,10.0,40
0.3250412224226893,0.3371317917232788,0.4642286142377932,1.0371970336884428,10.0,40
0.3082543542076361,0.3154047419249328,0.4275996577293632,1.0231963883711443,10.0,40
0.3146515857363484,0.3191489361702128,0.4403498775073744,1.014293112247757,10.0,40
0.29915508175939265,0.3227411497020215,0.4383820198459448,1.078842277403126,10.0,40
0.2940540609274873,0.32994010518759753,0.4220553126326871,1.1220389344289985,10.0,40
0.1926241739714672,0.3151987718890325,0.3203731251524238,1.6363406803536609,10.0,40
0.29915508175939265,0.3371118778574222,0.4387227823655015,1.1268799977416322,10.0,40
0.2859068704827004,0.3334874402917896,0.4380222403577821,1.1664198196033495,10.0,40
0.1880769285222648,0.3159473600507949,0.3406029507212361,1.6798836653342772,10.0,40
0.30286096881935953,0.31538611144309925,0.44551714420676797,1.041356080555928,10.0,40
0.3168827730456896,0.31887072809993205,0.4771659584501574,1.0062734715274533,10.0,40
0.3038933234983632,0.3154047419249328,0.4445624184332048,1.0378798003656424,10.0,40
0.3096720868572933,0.3154047419249328,0.4624902359555072,1.0185120174240347,10.0,40
0.29708061234516825,0.3267914866142745,0.4590421600065817,1.1000094689268587,10.0,40
0.2986841300286382,0.31201329308703024,0.4663422430517784,1.044626284821741,10.0,40
0.2929471917564237,0.3126735629125757,0.4233703532701398,1.0673376352846344,10.0,40
0.33033737354432485,0.3118279569892473,0.4811440089745663,0.9439681427611942,10.0,40
0.3191146600664365,0.3193081238318311,0.4860070362768221,1.000606251575388,10.0,40
0.3141765372393746,0.3086940027350406,0.468229204115685,0.9825495100540981,10.0,40
0.3022752266316002,0.31317668408778804,0.4446374513747812,1.0360646738327453,10.0,40
0.3027881254345177,0.3262680656479052,0.44592641303572095,1.0775457762080085,10.0,40
0.2667591886939437,0.3225806451612903,0.39159777009493607,1.209257858147827,10.0,40
0.2986841300286382,0.34081595911990903,0.4378360189122886,1.141058144224908,10.0,40
0.3027881254345177,0.3260676950576199,0.44592641303572095,1.0768840243972406,10.0,40
0.3027881254345177,0.31538611144309925,0.446277130621546,1.0416066052474906,10.0,40
0.3067962276465616,0.31201329308703024,0.4540766411322454,1.0170049856234833,10.0,40
0.3141765372393746,0.3118845006337894,0.4399052440338471,0.9927046219755138,10.0,40
0.2869846068064094,0.3262680656479052,0.4409994288949925,1.136883504933054,10.0,40
0.29755558445893193,0.3260676950576199,0.497370931373486,1.0958211241457076,10.0,40
0.29915508175939265,0.32994010518759753,0.4387227823655015,1.1029065702215444,10.0,40
0.3038933234983632,0.3260676950576199,0.4439280758377622,1.0729676167412614,10.0,40
0.31637587879916146,0.31201329308703024,0.4788705444301116,0.9862107511840352,10.0,40
0.3302721453310519,0.3086765362454951,0.5103008100230433,0.9346126841429204,10.0,40
0.3141765372393746,0.3226851975822618,0.4399052440338471,1.0270824181132416,10.0,40
0.3244717844726839,0.31885147669000113,0.4640054194247699,0.9826785931731582,10.0,40
0.30286096881935953,0.3086241545606573,0.44551714420676797,1.0190291464884509,10.0,40
0.3125837544485948,0.3225619983422822,0.4711059595823265,1.0319218249562878,10.0,40
0.29915508175939265,0.3262977125388187,0.4387227823655015,1.090730970103515,10.0,40
0.31956816773168073,0.3297126131039257,0.4906711367611346,1.0317442298594723,10.0,40
0.32343942979368023,0.3119952571152769,0.46563667868689795,0.9646172617676716,10.0,40
0.31314418256037096,0.31180993173087285,0.4414727423440989,0.9957391805315082,10.0,40
0.2929471917564237,0.32619099748439984,0.4233703532701398,1.1134805407372441,10.0,40
0.31395719348960816,0.3367775169928169,0.4444266279304449,1.0726860985396216,10.0,40
0.3086162613444362,0.3225619983422822,0.4630700842196577,1.0451879526279455,10.0,40
0.30974658635414565,0.3227411497020215,0.4616267431704132,1.0419522407036914,10.0,40
0.31395719348960816,0.31907672235863777,0.4444266279304449,1.0163064550683691,10.0,40
0.23639012655968955,0.3052462472137337,0.3554790118187328,1.2912817115339952,10.0,40
0.33527321392012555,0.3192539379914944,0.4619841777876515,0.9522202333394649,10.0,40
0.27837946908636524,0.3086241545606573,0.3925522784659552,1.1086455318474255,10.0,40
0.3125837544485948,0.3332562798571921,0.4711059595823265,1.0661343563585512,10.0,40
0.3207029111214665,0.31180993173087285,0.4566760844649838,0.9722703502768468,10.0,40
0.3111533235875181,0.3225060772811537,0.40502437167369626,1.0364860434808831,10.0,40
0.2980247567496832,0.3225060772811537,0.4698255027432367,1.0821452579928879,10.0,40
0.1989699583487388,0.3192539379914944,0.3084619238282426,1.6045333709721712,10.0,40
0.3136176700924716,0.3226851975822618,0.4419197550558592,1.0289126804848607,10.0,40
0.3146515857363484,0.3225619983422822,0.4403498775073744,1.0251402279998745,10.0,40
0.3025392141443668,0.3259137261220809,0.4490215640526724,1.0772610983466102,10.0,40
0.2859068704827004,0.3086241545606573,0.4380222403577821,1.0794569365877886,10.0,40
0.31921090458119084,0.3225060772811537,0.487937836391225,1.010322870092067,10.0,40
0.3136176700924716,0.3295907376050292,0.4419197550558592,1.050931656713883,10.0,40
0.3035742491083114,0.3371118778574222,0.44598352029694177,1.1104758682517404,10.0,40
0.2853274692452207,0.3191308781207927,0.4042270339491624,1.1184723257280222,10.0,40
0.30896470478989346,0.3225060772811537,0.4956025856814314,1.0438282181793832,10.0,40
0.3136176700924716,0.32619099748439984,0.4413043689743975,1.0400912594887295,10.0,40
0.2980247567496832,0.3403485038492136,0.4698255027432367,1.1420141989582393,10.0,40
0.2980247567496832,0.3260099311382336,0.4698255027432367,1.0939021801200752,10.0,40
0.2773500981126146,0.33331406495369165,0.4230134240286516,1.2017809520238696,10.0,40
0.3035742491083114,0.31907672235863777,0.41948073306218253,1.0510664962389324,10.0,40
0.2897834894872238,0.30100567212907675,0.4129933775135167,1.0387260939597032,10.0,40
0.3239924595348409,0.32988411512494004,0.495831269647992,1.0181845454013276,10.0,40
0.3136176700924716,0.3477439265474491,0.4703057313187567,1.1088148395621815,10.0,40
0.2986841300286382,0.30542767144800603,0.4356093599778025,1.0225775015857763,10.0,40
0.3071475584169756,0.31907672235863777,0.4236650063886208,1.038838543933556,10.0,40
0.2615267221816813,0.32994010518759753,0.4192201423872761,1.261592323855876,10.0,40
0.331326308686443,0.3086765362454951,0.4796650773081862,0.9316390765021229,10.0,40
0.20320146609570802,0.3158074365009517,0.3192682460849849,1.5541592419033343,10.0,40
0.2877616423625502,0.3295907376050292,0.4434986777504509,1.1453602186137741,10.0,40
0.31637587879916146,0.32289914874186104,0.4788705444301116,1.0206187335376495,10.0,40
0.29836124184810625,0.3296194081230941,0.4417230910883526,1.1047661756646705,10.0,40
0.3407813779866313,0.3368769288428413,0.5092656104268379,0.9885426569759832,10.0,40
0.30896470478989346,0.340638773789961,0.4351510978529842,1.1025167875457067,10.0,40
0.3096720868572933,0.3192539379914944,0.4341704498946384,1.0309419270927591,10.0,40
0.28889324356664803,0.32619099748439984,0.4166967366485252,1.1291056635914272,10.0,40
0.2985636808006169,0.3262487934859433,0.4415030683991,1.09272766403163,10.0,40
0.3100217223834203,0.3259137261220809,0.43462019384893374,1.0512609362224177,10.0,40
0.2137787582199488,0.31898652399009103,0.3501509821572554,1.4921338614096449,10.0,40
0.29836124184810625,0.3370521574262606,0.4722953371896417,1.1296780886769855,10.0,40
0.2877616423625502,0.31175587470511523,0.41721478425329,1.0833823165087957,10.0,40
0.3202635914520464,0.3331600381132332,0.4575639465743089,1.0402682259407494,10.0,40
0.1728320345876098,0.31898652399009103,0.2906365390313321,1.8456446731719425,10.0,40
0.30505116229940393,0.3153302397999003,0.4579513073338177,1.0336962410600736,10.0,40
0.20320146609570802,0.31898652399009103,0.3208855511534345,1.5698042446202047,10.0,40
0.2932643372339009,0.31907672235863777,0.4233699190050347,1.088017470409808,10.0,40
0.3156687905003858,0.3225060772811537,0.451154739447608,1.0216596856785547,10.0,40
0.3100217223834203,0.3333333333333333,0.43462019384893374,1.075193476027084,10.0,40
0.30483524780098314,0.3225060772811537,0.4581837408915526,1.0579684587253086,10.0,40
0.29949284305220397,0.3260099311382336,0.4387223242662902,1.0885399724941258,10.0,40
0.3202635914520464,0.3225060772811537,0.4575639465743089,1.0070020005050844,10.0,40
0.2295893585878984,0.3332562798571921,0.3736462636325844,1.4515319085645029,10.0,40
0.29949284305220397,0.3260099311382336,0.4378851999197128,1.0885399724941258,10.0,40
0.2929471917564237,0.3151987718890325,0.4233703532701398,1.0759576495654215,10.0,40
0.2725900548044409,0.3227411497020215,0.3785789058864186,1.1839799142105882,10.0,40
0.27837946908636524,0.3405770955251968,0.4206684651685801,1.223427491412936,10.0,40
0.30896470478989346,0.3334874402917896,0.4351510978529842,1.0793706695998575,10.0,40
0.2976460715672966,0.3226851975822618,0.4713166040853876,1.084123824927768,10.0,40
0.2780655189818736,0.3445385485705993,0.42025128333898976,1.2390552767279963,10.0,40
0.2986841300286382,0.3260099311382336,0.4353819978209729,1.0914872882833626,10.0,40
0.3206251853252076,0.3260099311382336,0.4595575965788622,1.0167945191441037,10.0,40
0.3192077659391892,0.3296194081230941,0.4877628190081952,1.0326171330865692,10.0,40
0.3136176700924716,0.3226851975822618,0.4419197550558592,1.0289126804848607,10.0,40
0.3167487438417008,0.3297737927358346,0.4814227287538989,1.0411210751340605,10.0,40
0.3206251853252076,0.3225060772811537,0.4602955516134646,1.0058663262963523,10.0,40
0.3086162613444362,0.3262487934859433,0.4630700842196577,1.0571341641710448,10.0,40
0.29836124184810625,0.3370521574262606,0.4695925079290548,1.1296780886769855,10.0,40
0.29949284305220397,0.3369878696413236,0.4387223242662902,1.1251950671241382,10.0,40
0.2980247567496832,0.3192539379914944,0.4698255027432367,1.0712329454550718,10.0,40
0.29836124184810625,0.3225920086821806,0.4722953371896417,1.081212850181157,10.0,40
0.3275822865411033,0.3333333333333333,0.4760881948216662,1.0175560371500991,10.0,40
0.3312317904526829,0.3224129401095805,0.4839566653731037,0.9733755919652216,10.0,40
0.3163614049082835,0.3224129401095805,0.4514616262054177,1.0191285507884609,10.0,40
0.30896470478989346,0.3226851975822618,0.4351510978529842,1.0444079617498665,10.0,40
0.31395719348960816,0.3085369109816533,0.4440188567654477,0.9827356002017058,10.0,40
0.2725900548044409,0.3225920086821806,0.4069202085950913,1.1834327885278562,10.0,40
0.29146949565476804,0.3224129401095805,0.4550260807355269,1.1061635777195138,10.0,40
0.3046635490142109,0.3116658421059277,0.4592094164768154,1.0229836917293649,10.0,40
0.29836124184810625,0.3294913285430168,0.4417230910883526,1.1043368987945112,10.0,40
0.2932643372339009,0.32275910790311924,0.4254783954775368,1.1005740109670883,10.0,40
0.1821025838982549,0.3156321339970188,0.3050182879255321,1.7332655431916884,10.0,40
0.32084273042678885,0.32948905384230576,0.4313651985458222,1.0269487901565215,10.0,40
0.289089258455354,0.32228268352730033,0.4166962993488422,1.1148206794306494,10.0,40
0.29197486143634194,0.3328526239410898,0.4565207503085091,1.1400043904590058,10.0,40
0.2834435828348977,0.33302543964487696,0.3819959720720452,1.1749267219743689,10.0,40
0.2985636808006169,0.31510704979449233,0.41485159757475615,1.0554098507544971,10.0,40
0.2799745442486558,0.32578728370381843,0.3983296845676708,1.1636318029487518,10.0,40
0.2982517962512574,0.3224129401095805,0.4156391103649056,1.0810092149050088,10.0,40
0.3046635490142109,0.3224129401095805,0.4903606824448801,1.0582589914441705,10.0,40
0.2833766302928429,0.3185631233225825,0.4109419029422108,1.1241686478993616,10.0,40
0.2953708705077577,0.3331986648527652,0.4016754996380358,1.1280688047537644,10.0,40
0.3100217223834203,0.33302543964487696,0.43462019384893374,1.0742003401716695,10.0,40
0.2773500981126146,0.31886037468610234,0.3959642304577403,1.1496674306444017,10.0,40
0.2720922876017149,0.3331986648527652,0.41630766027961297,1.2245796005085487,10.0,40
0.28874612365671226,0.31568515577310474,0.4194818800984105,1.0932966017871817,10.0,40
0.2997638773547782,0.3331986648527652,0.4142153464649591,1.1115370797610016,10.0,40
0.2880220601917393,0.32228268352730033,0.4187852482133798,1.1189513862679592,10.0,40
0.30896470478989346,0.3224616797552226,0.4351510978529842,1.0436845204519642,10.0,40
0.2880220601917393,0.3116658421059277,0.4187852482133798,1.0820901770456353,10.0,40
0.32084273042678885,0.3297908616629708,0.4594618254405428,1.0278894623053452,10.0,40
0.3027360303079644,0.3333333333333333,0.4224686562624314,1.101069248329124,10.0,40
0.2985636808006169,0.3336583594604345,0.4159782738536244,1.1175450361735528,10.0,40
0.2981843108343393,0.325258145666501,0.4477548350362848,1.090795638296352,10.0,40
0.3086353842564165,0.307201903183126,0.4831206475069004,0.9953554221375358,10.0,40
0.32644887367796643,0.3288818409491811,0.4794814275548159,1.0074528278924764,10.0,40
0.30882020157962725,0.32953522955577924,0.4682908093402833,1.0670779562677368,10.0,40
0.27461738067258634,0.3262487934859433,0.40790055055581786,1.1880121814828415,10.0,40
0.3002854067691021,0.31885147669000113,0.4371875714288626,1.0618280792285553,10.0,40
0.2874371112540425,0.3262487934859433,0.4441489504509402,1.1350266917955432,10.0,40
0.2792815722053456,0.3334978814531089,0.3898174858187852,1.1941277715520024,10.0,40
0.3086162613444362,0.3227411497020215,0.4649552078460307,1.0457684513967362,10.0,40
0.2885674362637518,0.3159474636133878,0.44315483598114097,1.0948825955698287,10.0,40
0.2980247567496832,0.3159474636133878,0.4397020125122073,1.0601383155519468,10.0,40
0.27837946908636524,0.3296504262483494,0.4206684651685801,1.1841765031388778,10.0,40
0.1504142093990467,0.3193081238318311,0.3098303015849858,2.122858771837913,10.0,40
0.3032459541608544,0.3227411497020215,0.4463802088511771,1.0642883945314767,10.0,40
0.2918403225853603,0.3153302397999003,0.4536115562772458,1.0804889365747925,10.0,40
0.3043528233319178,0.3086765362454951,0.4466668448900337,1.0142062520276407,10.0,40
0.3028751272302621,0.3151987718890325,0.4767445253699319,1.0406888633327795,10.0,40
0.3096720868572933,0.31538611144309925,0.4624902359555072,1.018451855457154,10.0,40
0.3121118278813673,0.3193081238318311,0.4708565927571768,1.0230567870474907,10.0,40
0.15291026161292262,0.3192539379914944,0.3052843514052509,2.0878516237167557,10.0,40
0.29836124184810625,0.3260676950576199,0.4420183716405645,1.0928621058080283,10.0,40
0.2980247567496832,0.3119411679605265,0.4698255027432367,1.0466954871891128,10.0,40
0.30221203851697753,0.3262487934859433,0.4763213078540501,1.079536060465756,10.0,40
0.29949284305220397,0.30182489277054964,0.4410313977436063,1.0077866625946021,10.0,40
0.29915508175939265,0.33351846710674743,0.4387227823655015,1.1148681317571365,10.0,40
0.3044764068904866,0.33400702633570223,0.4557393313789873,1.096988202622337,10.0,40
0.29836124184810625,0.3260676950576199,0.4420183716405645,1.0928621058080283,10.0,40
0.3032459541608544,0.3297737927358346,0.4190542768616981,1.0874796125421966,10.0,40
0.2869912357202695,0.3186620787067377,0.4089122635267649,1.1103547392553053,10.0,40
0.2932643372339009,0.3260676950576199,0.4254783954775368,1.1118559390245797,10.0,40
0.2980247567496832,0.31885147669000113,0.4397020125122073,1.0698825163636008,10.0,40
0.3249623998282369,0.3334296251380208,0.4668419692866707,1.0260560154475078,10.0,40
0.2828851759611404,0.3260099311382336,0.4018505396852452,1.1524461472064451,10.0,40
0.3125837544485948,0.3407542487728202,0.4738582797667124,1.0901214280118905,10.0,40
0.3129221585256635,0.3153302397999003,0.4740872126372428,1.007695464218905,10.0,40
0.30896470478989346,0.3334296251380208,0.4652071129826093,1.0791835441681414,10.0,40
0.29915508175939265,0.3404062699955122,0.4387227823655015,1.1378923199081654,10.0,40
0.31956816773168073,0.31514293343362576,0.4906711367611346,0.9861524558923824,10.0,40
0.31499222845355274,0.3334296251380208,0.4430555498745879,1.0585328621438883,10.0,40
0.30483524780098314,0.3294913285430168,0.4555087551528362,1.0808832998148914,10.0,40
0.18139921294803696,0.3260947390358541,0.33725906146215745,1.7976634723837859,10.0,40
0.28754842008905146,0.3226851975822618,0.4491480571344992,1.1221942985544096,10.0,40
0.2290796312549896,0.3185082842582496,0.3490972533944823,1.3903823858687665,10.0,40
0.3206251853252076,0.3150499352513447,0.4602955516134646,0.9826113158633878,10.0,40
0.24555033736015225,0.3118510818501312,0.3530658747020157,1.2700087696997733,10.0,40
0.3008284187980934,0.3224129401095805,0.41113480022626014,1.071750273453965,10.0,40
0.31956816773168073,0.30781414420843906,0.4610060462958744,0.9632190414750236,10.0,40
0.2873534499546975,0.3331600381132332,0.4493723358030123,1.159408519945584,10.0,40
0.2985636808006169,0.3405770955251968,0.4415030683991,1.1407184377279858,10.0,40
0.3194308590012258,0.3259601202601324,0.491521500133325,1.0204402958415535,10.0,40
0.1880769285222648,0.3051110628637849,0.3213547007618854,1.6222673629406144,10.0,40
0.3192077659391892,0.325779182072302,0.4877628190081952,1.0205866424138463,10.0,40
0.2923463313269847,0.3150499352513447,0.4261958512280845,1.0776599583832869,10.0,40
0.3156687905003858,0.3260099311382336,0.451154739447608,1.0327594648221492,10.0,40
0.27694162874505024,0.31175587470511523,0.4242292389661285,1.1257096887810771,10.0,40
0.33017477285915603,0.3259137261220809,0.4825764031384865,0.9870945720650413,10.0,40
0.24555033736015225,0.31898652399009103,0.3838005555850624,1.2990677488755753,10.0,40
0.28697433721749205,0.3366384881413788,0.4503661190968037,1.1730612967188323,10.0,40
0.3035742491083114,0.329674328461898,0.41948073306218253,1.085975933170387,10.0,40
0.30505116229940393,0.31903747015917605,0.4303016043176777,1.0458490561201164,10.0,40
0.29798212911090083,0.3332562798571921,0.4735673475616032,1.118376732361568,10.0,40
0.3125837544485948,0.3224129401095805,0.4711059595823265,1.0314449664165195,10.0,40
0.31395719348960816,0.3333333333333333,0.4444266279304449,1.061715865237426,10.0,40
0.27837946908636524,0.3259137261220809,0.4221270994613107,1.17075345819044,10.0,40
0.33430327362672946,0.3294913285430168,0.4636192569656957,0.9856060485692834,10.0,40
0.3267335944729338,0.3296194081230941,0.4770918983249261,1.008832313845215,10.0,40
0.3229585438909641,0.31916368952665464,0.4942983057728022,0.9882497167636763,10.0,40
0.3156687905003858,0.3150499352513447,0.4529878807351131,0.9980395424962348,10.0,40
0.3156687905003858,0.3116658421059277,0.451154739447608,0.9873191505941634,10.0,40
0.30879496825593783,0.3224129401095805,0.4688938116905652,1.0441003683789158,10.0,40
0.3156687905003858,0.3368769288428413,0.451154739447608,1.0671847803162209,10.0,40
0.29836124184810625,0.31907672235863777,0.4695925079290548,1.0694308697142292,10.0,40
0.18601738595519546,0.3296604395776105,0.3160429437257755,1.7722023018698545,10.0,40
0.29197486143634194,0.308353639857088,0.4308359880603291,1.0560965363256691,10.0,40
0.27212695080745464,0.3084148941764029,0.4175799556564643,1.1333493182548615,10.0,40
0.29215626976307,0.32228268352730033,0.42641359593332595,1.1031174644605843,10.0,40
0.2985636808006169,0.3183738966214057,0.41485159757475615,1.0663517269336529,10.0,40
0.30896470478989346,0.3331986648527652,0.4351510978529842,1.078436014493473,10.0,40
0.30582052322584524,0.3294913285430168,0.458292151859076,1.0774009705675995,10.0,40
0.30169104739171765,0.3401470270338989,0.4391517443026636,1.1274680835730928,5.0,40
0.31470829646586634,0.3401470270338989,0.4730602219957253,1.080832729399594,5.0,40
0.32845672078279337,0.33661716454684143,0.4751285871924367,1.0248448067818487,5.0,40
0.32345167096986105,0.33663366336633666,0.4584298838724116,1.0407541329341408,5.0,40
0.3328970620491683,0.3432772823531686,0.4806272179336477,1.0311814716540428,5.0,40
0.30742511671248224,0.3333333333333333,0.4479951018874099,1.084274885858079,5.0,40
0.3427042880342948,0.3466760673269623,0.475762517917471,1.011589523187612,5.0,40
0.3253372097592944,0.3333333333333333,0.4683611910879758,1.0245779558383592,5.0,40
0.3313589252417659,0.3401470270338989,0.5080617888676789,1.0265213975622387,5.0,40
0.32676057023632804,0.3565731307993882,0.4670867348731844,1.0912367136019454,5.0,40
0.3427042880342948,0.33676272873290863,0.4758220444119095,0.982662722618774,5.0,40
0.3346046321250065,0.3466590763172073,0.4626557943145248,1.0360259333998023,5.0,40
0.3434335012785116,0.35041331233200385,0.4882096456552317,1.0203236173160402,5.0,40
0.3475384972638041,0.3599280215928025,0.5276849443855387,1.03564935806117,5.0,40
0.3224258312129266,0.37371830890844104,0.4339517191210013,1.1590830284985492,5.0,40
0.3235642709745333,0.3465346534653465,0.4962911942079691,1.0709917149431532,5.0,40
0.3150101749971125,0.36013886210738216,0.4739148110714213,1.1432610458080703,5.0,40
0.16390058926835255,0.33676272873290863,0.29645921676321163,2.0546767417750447,5.0,40
0.3213004127885155,0.3499825013123906,0.4896038070978444,1.0892687571576638,5.0,40
0.3102320730051904,0.35712426515153073,0.4680977163103852,1.1511519801679426,5.0,40
0.3490408598280749,0.35351731923771457,0.4964000892771681,1.012825029745356,5.0,40
0.3610965047906484,0.3674695042360209,0.5279183966741545,1.0176490200287795,5.0,40
0.34085330658430835,0.35351731923771457,0.5071639457517073,1.0371538500838156,5.0,40
0.3472386363870041,0.34342521261036296,0.4999547090612207,0.9890178586797842,5.0,40
0.3402258252973605,0.3538233955130535,0.5109203944596168,1.0399663082713035,5.0,40
0.3167211417607387,0.3711982830015568,0.4827684020743542,1.1720034884250703,5.0,40
0.3413980185683824,0.3838188037438044,0.4798483332289888,1.1242560966033406,5.0,40
0.3502913063909837,0.36361781407307775,0.5039764294822376,1.0380440720022308,5.0,40
0.33034189119004803,0.3609528068863711,0.5145817041020408,1.0926643471890527,5.0,40
0.3582747132432401,0.3599820013498875,0.5185199309241427,1.0047653045094709,5.0,40
0.35765147442247824,0.35714285714285715,0.5220306932976447,0.9985778968744852,5.0,40
0.35164773317549364,0.3636363636363637,0.5031475628295429,1.0340927278347816,5.0,40
0.3417302934530845,0.3738547771652841,0.4787348243587635,1.0940053730314367,5.0,40
0.3684536869224044,0.35353535353535354,0.5446910734646284,0.9595109672760784,5.0,40
0.33761743823553264,0.35351731923771457,0.5013017008948567,1.0470943713253629,5.0,40
0.3680712751048656,0.35655565472268497,0.5435359788325859,0.9687136129302684,5.0,40
0.3389194172193947,0.3468665492628283,0.4711297813871963,1.0234484412508271,5.0,40
0.33856765851826565,0.3501253221717581,0.4687149941942735,1.0341369394350135,5.0,40
0.3417302934530845,0.3601208565146849,0.505280075039975,1.0538160163553811,5.0,40
0.35368789257436484,0.36013886210738216,0.5095850485981698,1.0182391585023256,5.0,40
0.34778377786568115,0.3536615825855833,0.5236114717242578,1.0169007443532123,5.0,40
0.3538596300535413,0.3582758787524234,0.5199172704973279,1.0124802275360258,5.0,40
0.3268491789987897,0.3468000436422554,0.4822333686182637,1.0610399717220629,5.0,40
0.33707246162479343,0.35095355951233914,0.5020005081708199,1.0411813466476452,5.0,40
0.3127789672582397,0.3541469387140626,0.4802099652429289,1.1322594412867548,5.0,40
0.3502913063909837,0.3711982830015568,0.5039764294822376,1.059684543204842,5.0,40
0.31025015159225783,0.3671749374941208,0.4700929932072192,1.1834802839248104,5.0,40
0.31039694089746395,0.36006685593609217,0.4683128307401368,1.1600206332414729,5.0,40
0.3472493636885755,0.3699815013873844,0.5271022341003544,1.0654634394641995,5.0,40
0.3186862965844221,0.34651766938645445,0.4534811039567379,1.0873315643010704,5.0,40
0.3209282396086921,0.34,0.4873914464220285,1.0594268688058175,5.0,40
0.3312197532080978,0.3499825013123906,0.4573051412204365,1.0566474309655818,5.0,40
0.3169188659346707,0.35346323289944703,0.4846875393695611,1.1153114279170415,5.0,40
0.320248152192058,0.3775120445830354,0.4654153810473513,1.1788110001541403,5.0,40
0.33141834606287984,0.3607994709376988,0.4851606440404538,1.0886526808906478,5.0,40
0.2758167400054667,0.3737975793001715,0.4510887914364125,1.355238914406583,5.0,40
0.33034189119004803,0.3399320203932025,0.4860494632046508,1.029030920567192,5.0,40
0.33034189119004803,0.35351731923771457,0.4840444937682748,1.0701558859646216,5.0,40
0.3111829246034644,0.3499825013123906,0.4690159295587323,1.1246841444091698,5.0,40
0.3165791777032249,0.36361781407307775,0.4862359507925859,1.1485841131786279,5.0,40
0.31039694089746395,0.3464667321292442,0.4670841158010702,1.116205369574488,5.0,40
0.24574682813861826,0.36006685593609217,0.3842923854567519,1.4651943167013717,5.0,40
0.3203681987145476,0.3635621824108599,0.4907333620943226,1.1348260653511326,5.0,40
0.3109964572395101,0.3498426062328284,0.4681922350644543,1.1249086543883082,5.0,40
0.3140962112831329,0.3533731441423065,0.4749496388202659,1.1250474582253671,5.0,40
0.3413980185683824,0.35346323289944703,0.5094643399735815,1.0353406102989666,5.0,40
0.2758167400054667,0.3536074741757629,0.4511207923986285,1.2820377551005577,5.0,40
0.3113291549714319,0.3572142191104955,0.4670168062892264,1.1473844110207865,5.0,40
0.33034189119004803,0.3365676826398373,0.4860494632046508,1.0188465090738597,5.0,40
0.3213004127885155,0.35041331233200385,0.46218816164138504,1.090609592719854,5.0,40
0.2751563038437705,0.35339128862009034,0.41671739872160657,1.2843292473529535,5.0,40
0.3142772291895912,0.3400790180305133,0.4762795553886924,1.0820988173640695,5.0,40
0.3434335012785116,0.3634695196892295,0.5154199103187768,1.0583403143145012,5.0,40
0.3256492838931661,0.33671322542832205,0.4416208462680741,1.033975021848307,5.0,40
0.3333333333333334,0.3332692738855748,0.5200148993838365,0.9998078216567244,5.0,40
0.2407837396426293,0.33671322542832205,0.3694793179220535,1.3984051660966432,5.0,40
0.31379520861573323,0.3536615825855833,0.4743569751347284,1.1270458339555771,5.0,40
0.3203706333729644,0.33661716454684143,0.4906375036365861,1.0507116741719686,5.0,40
0.3110187878770624,0.3466081182735212,0.4652015591041321,1.1144282332246962,5.0,40
0.3110802135834513,0.3236157180586797,0.4370871873417876,1.0402966949611712,5.0,40
0.3043201651130076,0.3266686331504302,0.4529871080499052,1.073437355126052,5.0,40
0.3156213843159995,0.35655565472268497,0.4450808866045005,1.1296942236515326,5.0,40
0.32845672078279337,0.3333173150083603,0.4751285871924367,1.0147982790974197,5.0,40
0.3417302934530845,0.3300815310701716,0.5060804513391517,0.9659124092710492,5.0,40
0.24172761075223506,0.3334133903350721,0.3680679468347561,1.379293781531696,5.0,40
0.32473532017918644,0.3268666329350981,0.4972849334635151,1.0065632304941008,5.0,40
0.34173828144386403,0.33661716454684143,0.4783788259007359,0.9850145062022742,5.0,40
0.3420713077016482,0.3333333333333333,0.45162282322244396,0.9744556933844446,5.0,40
0.33117242768623684,0.3468000436422554,0.4877972238714333,1.0471887592369995,5.0,40
0.3268955595610116,0.35699135485726746,0.5071650655345504,1.0920654760091313,5.0,40
0.3321519672820658,0.34701654561546624,0.4559605422496769,1.0447523416917694,5.0,40
0.34051963020151865,0.35706850659408795,0.5106305823588588,1.04859889100307,5.0,40
0.3442467379470461,0.3636097200877664,0.4869040610731565,1.0562473946919393,5.0,40
0.34085330658430835,0.3400790180305133,0.5071639457517073,0.997728381861528,5.0,40
0.34119344568359844,0.34336428338803426,0.5076266172782715,1.0063624836054117,5.0,40
0.32223262686248344,0.3299340197934023,0.4605718828400336,1.0239001028725918,5.0,40
0.3347065381562213,0.3465232381159429,0.4933917237595609,1.0353046582980288,5.0,40
0.34119344568359844,0.3565032419059692,0.5086234344031142,1.0448713080982457,5.0,40
0.33365307761148577,0.3400790180305133,0.4942900934643256,1.0192593470590134,5.0,40
0.3321519672820658,0.3464667321292442,0.4559605422496769,1.0430970346625172,5.0,40
0.3511207820652133,0.3365676826398373,0.5026071350011514,0.9585524407305714,5.0,40
0.32478860816128896,0.3365676826398373,0.4691291521502983,1.0362668953976948,5.0,40
0.33127410526401596,0.3400790180305133,0.4844687995466615,1.0265789345638112,5.0,40
0.3150101749971125,0.3464667321292442,0.4735700462175926,1.0998588605349653,5.0,40
0.3140962112831329,0.3399320203932025,0.5032288430175759,1.0822544436449144,5.0,40
0.31039694089746395,0.3499825013123906,0.4963980105660105,1.1275320571796592,5.0,40
0.3113291549714319,0.3400790180305133,0.4388246126428579,1.0923455532512512,5.0,40
0.33034189119004803,0.3399320203932025,0.4860494632046508,1.029030920567192,5.0,40
0.3235642709745333,0.3500728204362012,0.4962911942079691,1.0819266891916948,5.0,40
0.33034189119004803,0.3599280215928025,0.5145817041020408,1.0895621511887916,5.0,40
0.311515821814408,0.3499853700038117,0.4678373994591521,1.12349147457532,5.0,40
0.3312197532080978,0.3267166597072285,0.4847162182213856,0.9864045140507058,5.0,40
0.3442467379470461,0.3399320203932025,0.4869040610731565,0.9874662064205022,5.0,40
0.33537442907524,0.3365676826398373,0.4915293997719151,1.0035579741958487,5.0,40
0.3341931842679613,0.3500728204362012,0.4912485299153204,1.0475163376028258,5.0,40
0.32478860816128896,0.34336428338803426,0.4691291521502983,1.0571931242659864,5.0,40
0.3350530352025891,0.3466081182735212,0.4896184033190501,1.0344873254586255,5.0,40
0.3417302934530845,0.3365676826398373,0.505280075039975,0.9848927329178792,5.0,40
0.3235642709745333,0.3536074741757629,0.4694313663680801,1.0928508055315975,5.0,40
0.32478860816128896,0.3499825013123906,0.4687856397101,1.0775701256695258,5.0,40
0.35368789257436484,0.32658863593283544,0.5108078860013597,0.9233808755954752,5.0,40
0.34119344568359844,0.36006685593609217,0.4789621957283706,1.0553158640391809,5.0,40
0.34119344568359844,0.34336428338803426,0.5089991542869243,1.0063624836054117,5.0,40
0.3173627247477031,0.36361781407307775,0.4807824158936858,1.1457483368979344,5.0,40
0.32473532017918644,0.3536074741757629,0.4694802443984458,1.0889098050087225,5.0,40
0.3312197532080978,0.35346323289944703,0.4847162182213856,1.0671562594800137,5.0,40
0.34085330658430835,0.3365676826398373,0.5071639457517073,0.9874267790228666,5.0,40
0.3333333333333334,0.3365676826398373,0.5200148993838365,1.0097030479195117,5.0,40
0.3177350890595706,0.3501253221717581,0.4537823804807658,1.1019410012537667,5.0,40
0.2147946491951111,0.3365676826398373,0.3521831030151449,1.5669276860528876,5.0,40
0.32473532017918644,0.33676272873290863,0.4694802443984458,1.0370375743146312,5.0,40
0.3312197532080978,0.3434168244023513,0.4847162182213856,1.036824709505143,5.0,40
0.3039939807491462,0.3430713113527976,0.4829955887460804,1.128546395910048,5.0,40
0.3280903917181768,0.3364852612641335,0.4500794230851521,1.0255870630712272,5.0,40
0.30896132274695504,0.33671322542832205,0.4589292293616946,1.0898232258802705,5.0,40
0.3313207801846844,0.33676272873290863,0.458515151385992,1.0164250142873343,5.0,40
0.3150101749971125,0.3432113118937618,0.4473587667908361,1.0895245269360194,5.0,40
0.3256492838931661,0.3530094619779541,0.4678648712266787,1.084017313834364,5.0,40
0.33365307761148577,0.3599820013498875,0.5218651923057998,1.0789110771190302,5.0,40
0.33365307761148577,0.3494486915338201,0.5218651923057998,1.0473414303126167,5.0,40
0.3347065381562213,0.34651766938645445,0.4933917237595609,1.0352880206502584,5.0,40
0.3054100393951352,0.3464667321292442,0.4254204080805864,1.134431378927235,5.0,40
0.31039694089746395,0.3564181742260675,0.4683128307401368,1.1482657438425143,5.0,40
0.30523412882698725,0.3464667321292442,0.4520379604244803,1.1350851671165134,5.0,40
0.3113291549714319,0.3466081182735212,0.4670168062892264,1.1133172487662666,5.0,40
0.3341931842679613,0.33661716454684143,0.4912485299153204,1.0072532307449351,5.0,40
0.31855198960342834,0.3564181742260675,0.4542413534238525,1.1188697162738788,5.0,40
0.3150101749971125,0.3333173150083603,0.4738741088722029,1.0581160275582069,5.0,40
0.3312197532080978,0.3401300209579924,0.4847162182213856,1.0269013779027134,5.0,40
0.3312197532080978,0.33661716454684143,0.4847162182213856,1.01629555993103,5.0,40
0.3341931842679613,0.3466590763172073,0.4913005235097537,1.0373014550747113,5.0,40
0.31470829646586634,0.34312076544978265,0.4730602219957253,1.0902819191708149,5.0,40
0.3043201651130076,0.3564181742260675,0.4529871080499052,1.1711947320142704,5.0,40
0.34085330658430835,0.34312076544978265,0.5071639457517073,1.006652301214844,5.0,40
0.31379520861573323,0.3464667321292442,0.4743569751347284,1.1041173434662594,5.0,40
0.33365307761148577,0.35292421589120504,0.5202381993888336,1.0577580114581144,5.0,40
0.3341931842679613,0.36639857762743583,0.4913005235097537,1.0963675947791076,5.0,40
0.30896132274695504,0.35292421589120504,0.4589292293616946,1.1422925457250723,5.0,40
0.3182060954779401,0.34651766938645445,0.4527572993411986,1.0889724436799075,5.0,40
0.2906315317650265,0.3333333333333333,0.4518179069987325,1.1469276279451703,5.0,40
0.321623184467123,0.35292421589120504,0.4874094951242318,1.097322061765985,5.0,40
0.3244241219091612,0.349632902947865,0.4961802496583141,1.0777031648890836,5.0,40
0.32778792056351336,0.3430713113527976,0.4761202961303632,1.0466258511387787,5.0,40
0.3014193841577351,0.3565032419059692,0.4717681793319852,1.182748226037806,5.0,40
0.3213004127885155,0.34651766938645445,0.4896038070978444,1.0784849803929053,5.0,40
0.3256492838931661,0.34651766938645445,0.4678648712266787,1.0640823933153023,5.0,40
0.2916258286460187,0.3332692738855748,0.4220362548234535,1.1427975204833578,5.0,40
0.31465744425692344,0.3432113118937618,0.4720301672326181,1.0907458830483714,5.0,40
0.3341931842679613,0.3464667321292442,0.4909465429264867,1.0367259071670407,5.0,40
0.32863129129375024,0.362807822072664,0.4745648274802687,1.1039965812274548,5.0,40
0.3024130852350899,0.35292421589120504,0.4421334305937415,1.1670269347533313,5.0,40
0.3014193841577351,0.3432772823531686,0.4433081722137149,1.1388692977142068,5.0,40
0.3184997248617035,0.3466590763172073,0.4547028546612544,1.0884124828293995,5.0,40
0.3150101749971125,0.3300815310701716,0.4739148110714213,1.0478440293974542,5.0,40
0.32863129129375024,0.34312076544978265,0.4745648274802687,1.0440903667419816,5.0,40
0.32778792056351336,0.33992847282222444,0.4761202961303632,1.0370378268907523,5.0,40
0.2469578350157452,0.3267166597072285,0.3747278286526404,1.3229653543342657,5.0,40
0.3150101749971125,0.3401300209579924,0.4739148110714213,1.0797429669092755,5.0,40
0.3238746444473093,0.3333173150083603,0.498524237098694,1.029155325132552,5.0,40
0.3140962112831329,0.34312076544978265,0.5032288430175759,1.0924065720120593,5.0,40
0.17827009717688722,0.33988042526286805,0.3375376663433614,1.9065475962893768,5.0,40
0.32062439083762795,0.3498630494273904,0.465235310458247,1.0911928706152911,5.0,40
0.33034189119004803,0.3400790180305133,0.4854087730641997,1.0294759069320194,5.0,40
0.30673809640068145,0.3299910872236685,0.4611392342715852,1.0758073128047732,5.0,40
0.3151917196332549,0.3363673124766984,0.4476335878105101,1.0671832142928204,5.0,40
0.3314727307072226,0.336515430291558,0.4583287218796813,1.0152130148793128,5.0,40
0.30680196690556955,0.3397226388124521,0.4343053308561208,1.107302675530158,5.0,40
0.3205602851905137,0.34312890228038245,0.4640524379273064,1.070403659256966,5.0,40
0.1739598250598745,0.3333333333333334,0.3586102037815021,1.9161512333011643,5.0,40
0.3240612977974192,0.3465232381159429,0.4995779088616865,1.0693138627512548,5.0,40
0.3249757882410827,0.3499853700038117,0.4704622297381376,1.0769582924872414,5.0,40
0.3274276598859821,0.3699686620110098,0.5058909194170144,1.1299248882633843,5.0,40
0.2552294195383068,0.3567056426984795,0.4018234811728944,1.397588269188311,5.0,40
0.3044955489514715,0.3399320203932025,0.454114426145868,1.1163776336427778,5.0,40
0.33848063168435155,0.3530094619779541,0.4713698939327169,1.0429236681026741,5.0,40
0.323773251537583,0.35997690892963363,0.5010152347485751,1.1118179380789524,5.0,40
0.3140962112831329,0.3499853700038117,0.448530707088165,1.1142616734346011,5.0,40
0.33034189119004803,0.3499300209930025,0.4860494632046508,1.0592965358779922,5.0,40
0.3272462427551174,0.35636578161865123,0.5056433779834292,1.0889835697374972,5.0,40
0.32473532017918644,0.35997690892963363,0.4694802443984458,1.1085240396117095,5.0,40
0.3142772291895912,0.3499300209930025,0.44913395638586,1.1134437639511685,5.0,40
0.3184997248617035,0.34327676859538353,0.4547028546612544,1.0777929831632933,5.0,40
0.3184997248617035,0.36639857762743583,0.4547028546612544,1.1503889926012671,5.0,40
0.1965296320513837,0.3332692738855748,0.32851902376912484,1.6957711181102693,5.0,40
0.3272462427551174,0.3528733488200204,0.5056767918198879,1.078311383651485,5.0,40
0.31525230429880885,0.3432113118937618,0.44946270864501214,1.0886877184201396,5.0,40
0.2995389619499688,0.3465232381159429,0.4382011287285361,1.1568553081045323,5.0,40
0.3305399576960161,0.3599280215928025,0.4870957190250893,1.0889092625945496,5.0,40
0.2983219529957987,0.35636578161865123,0.4681648742302886,1.1945677414617557,5.0,40
0.3044955489514715,0.3429889353554153,0.4535555796458458,1.1264169099893102,5.0,40
0.2653810843862959,0.3494486915338201,0.4202146424928253,1.3167807055349623,5.0,40
0.3178316762037157,0.3599820013498875,0.4830516173418152,1.1326183898648143,5.0,40
0.3274276598859821,0.3432607861719748,0.5058909194170144,1.0483561049530945,5.0,40
0.2045479755837385,0.3399830012748937,0.3535271844137572,1.6621186316053784,5.0,40
0.33384536640524703,0.3430713113527976,0.4945031843646863,1.0276353841507309,5.0,40
0.3054100393951352,0.3432113118937618,0.4527765841109648,1.1237722000674637,5.0,40
0.30896132274695504,0.34651766938645445,0.4589292293616946,1.12155679003957,5.0,40
0.3184997248617035,0.3430713113527976,0.4547028546612544,1.0771479049213102,5.0,40
0.33384536640524703,0.3397417834356585,0.4949242892041394,1.0176621203220593,5.0,40
0.31379037242298485,0.34651766938645445,0.4782924067825512,1.104296689253913,5.0,40
0.3044955489514715,0.3333173150083603,0.4535555796458458,1.094654145704712,5.0,40
0.3347065381562213,0.3429889353554153,0.4660759224837018,1.024745250704748,5.0,40
0.3176555758986441,0.3301775931280971,0.4828465524482979,1.039420108380054,5.0,40
0.31855198960342834,0.3466081182735212,0.4542413534238525,1.0880739395318813,5.0,40
0.1868175013542884,0.3427949634690985,0.3601360329962377,1.8349188966991268,5.0,40
0.3176555758986441,0.3528733488200204,0.4828465524482979,1.1108677939045952,5.0,40
0.2746483928693046,0.3432113118937618,0.4163219509772673,1.249638886680411,5.0,40
0.3082356925214493,0.33988042526286805,0.4624319665149725,1.1026640765790503,5.0,40
0.3054100393951352,0.3530094619779541,0.4527765841109648,1.155854151609062,5.0,40
0.31872858685783384,0.3334133903350721,0.4557951355545352,1.0460730668121343,5.0,40
0.30793556011147033,0.3430713113527976,0.489830377141625,1.1141009866759408,5.0,40
0.3272462427551174,0.3466081182735212,0.5056767918198879,1.0591660743157638,5.0,40
0.3280903917181768,0.3564181742260675,0.4500794230851521,1.0863413962217574,5.0,40
0.20637132961883226,0.3432607861719748,0.3744745717773392,1.6633162504015324,5.0,40
0.3124989233612419,0.36639857762743583,0.4669255583601744,1.1724794878857456,5.0,40
0.3150101749971125,0.3464667321292442,0.4738741088722029,1.0998588605349653,5.0,40
0.33768301085569397,0.3365676826398373,0.4974845003305394,0.996697114808854,5.0,40
0.30896132274695504,0.3626753862872432,0.4589292293616946,1.173853681951902,5.0,40
0.3238746444473093,0.3397417834356585,0.498524237098694,1.0489916060438331,5.0,40
0.3370255969315881,0.3429889353554153,0.5014314917380694,1.0176940222882762,5.0,40
